City ID,City,Country,Lat,Lng,Temperature,Humidity,Clouds,Wind Speed,Date
6201424,Mataura,NZ,-46.1927,168.8643,41.0,69,78,18.99,"Monday, 17 May 2021 01:07PM"
293842,Kiryat Gat,IL,31.61,34.7642,71.19,5,30,3.0,"Monday, 17 May 2021 01:07PM"
4726521,San Patricio,US,28.017,-97.5169,85.64,74,75,16.11,"Monday, 17 May 2021 01:07PM"
3495137,Pedernales,DO,18.0384,-71.744,85.77,60,64,9.78,"Monday, 17 May 2021 01:07PM"
3471451,Arraial do Cabo,BR,-22.9661,-42.0278,82.4,54,0,3.44,"Monday, 17 May 2021 01:07PM"
2092164,Lorengau,PG,-2.0226,147.2712,81.9,81,86,10.33,"Monday, 17 May 2021 01:07PM"
3369157,Cape Town,ZA,-33.9258,18.4232,57.49,67,0,5.75,"Monday, 17 May 2021 01:05PM"
964432,Port Alfred,ZA,-33.5906,26.891,59.74,79,49,6.08,"Monday, 17 May 2021 01:07PM"
2023333,Kachug,RU,53.9606,105.8817,39.24,56,100,3.74,"Monday, 17 May 2021 01:07PM"
58933,Garoowe,SO,8.4054,48.4845,94.19,29,78,9.31,"Monday, 17 May 2021 01:07PM"
5882953,Aklavik,CA,68.2191,-135.0107,42.8,45,52,6.91,"Monday, 17 May 2021 01:07PM"
3703239,Pedasí,PA,7.5333,-80.0333,81.0,99,100,12.12,"Monday, 17 May 2021 01:07PM"
1214488,Meulaboh,ID,4.1363,96.1285,76.15,92,100,3.24,"Monday, 17 May 2021 01:07PM"
3423146,Ilulissat,GL,69.2167,-51.1,33.8,75,20,4.61,"Monday, 17 May 2021 01:07PM"
1819729,Hong Kong,HK,22.2855,114.1577,83.12,84,100,8.16,"Monday, 17 May 2021 01:06PM"
2172880,Byron Bay,AU,-28.65,153.6167,49.98,81,94,4.61,"Monday, 17 May 2021 01:07PM"
5924351,Clyde River,CA,70.4692,-68.5914,21.2,63,20,2.3,"Monday, 17 May 2021 01:07PM"
1735799,Sri Aman,MY,1.2376,111.4621,77.0,100,100,1.39,"Monday, 17 May 2021 01:07PM"
2206939,Bluff,NZ,-46.6,168.3333,41.0,69,90,18.99,"Monday, 17 May 2021 01:07PM"
2075265,Busselton,AU,-33.65,115.3333,58.39,98,28,1.01,"Monday, 17 May 2021 01:03PM"
3874787,Punta Arenas,CL,-53.15,-70.9167,44.31,87,75,13.8,"Monday, 17 May 2021 01:04PM"
2155415,New Norfolk,AU,-42.7826,147.0587,46.0,80,77,1.01,"Monday, 17 May 2021 01:07PM"
3168030,San Martino Buon Albergo,IT,45.4217,11.0969,61.77,30,20,3.44,"Monday, 17 May 2021 01:07PM"
5557293,Sitka,US,57.0531,-135.33,44.6,76,20,3.44,"Monday, 17 May 2021 01:07PM"
934322,Mahébourg,MU,-20.4081,57.7,77.0,78,40,6.91,"Monday, 17 May 2021 01:02PM"
3466980,Caravelas,BR,-17.7125,-39.2481,78.3,55,46,7.31,"Monday, 17 May 2021 01:07PM"
172515,Abu Samrah,SY,35.3029,37.1841,72.34,28,15,11.95,"Monday, 17 May 2021 01:07PM"
1507390,Dikson,RU,73.5069,80.5464,17.82,87,42,1.3,"Monday, 17 May 2021 01:07PM"
5848280,Kapaa,US,22.0752,-159.319,70.21,73,75,17.27,"Monday, 17 May 2021 01:07PM"
2126199,Cherskiy,RU,68.75,161.3,31.01,83,18,6.55,"Monday, 17 May 2021 01:07PM"
5983720,Iqaluit,CA,63.7506,-68.5145,28.2,86,75,14.97,"Monday, 17 May 2021 01:07PM"
4030556,Rikitea,PF,-23.1203,-134.9692,74.26,63,93,4.7,"Monday, 17 May 2021 01:07PM"
4020109,Atuona,PF,-9.8,-139.0333,79.21,70,43,13.18,"Monday, 17 May 2021 01:07PM"
3883457,Lebu,CL,-37.6167,-73.65,60.04,50,100,6.38,"Monday, 17 May 2021 01:07PM"
4034551,Faanui,PF,-16.4833,-151.75,82.17,69,71,17.07,"Monday, 17 May 2021 01:07PM"
1167821,Pishin,PK,30.5803,66.9961,75.09,13,0,2.42,"Monday, 17 May 2021 01:07PM"
6170031,Tuktoyaktuk,CA,69.4541,-133.0374,30.2,74,1,11.5,"Monday, 17 May 2021 01:07PM"
2094027,Kieta,PG,-6.2167,155.6333,79.59,85,76,6.33,"Monday, 17 May 2021 01:07PM"
3995647,Moctezuma,MX,29.8,-109.6667,80.69,13,0,11.27,"Monday, 17 May 2021 01:07PM"
1661950,Ban Nahin,LA,18.2418,104.2122,79.52,84,100,2.64,"Monday, 17 May 2021 01:07PM"
3473267,Abaeté,BR,-19.16,-45.4458,83.82,30,75,3.67,"Monday, 17 May 2021 01:07PM"
2163355,Hobart,AU,-42.8794,147.3294,47.23,62,27,13.8,"Monday, 17 May 2021 01:07PM"
3448903,São João da Barra,BR,-21.6403,-41.0511,80.6,57,20,13.8,"Monday, 17 May 2021 01:07PM"
1490256,Talnakh,RU,69.4865,88.3972,8.13,96,67,3.0,"Monday, 17 May 2021 01:07PM"
3424607,Tasiilaq,GL,65.6145,-37.6368,33.8,64,1,3.44,"Monday, 17 May 2021 01:07PM"
2012530,Zhigansk,RU,66.7697,123.3711,34.65,75,95,10.16,"Monday, 17 May 2021 01:07PM"
1651810,Airai,TL,-8.9266,125.4092,56.17,89,63,2.66,"Monday, 17 May 2021 01:07PM"
2074865,Carnarvon,AU,-24.8667,113.6333,66.2,100,100,5.75,"Monday, 17 May 2021 01:07PM"
1015776,Bredasdorp,ZA,-34.5322,20.0403,55.4,82,10,4.61,"Monday, 17 May 2021 01:07PM"
2729907,Longyearbyen,SJ,78.2186,15.6401,26.6,68,20,3.44,"Monday, 17 May 2021 01:07PM"
1000543,Graaff-Reinet,ZA,-32.2522,24.5308,51.01,52,0,3.02,"Monday, 17 May 2021 01:07PM"
3833367,Ushuaia,AR,-54.8,-68.3,48.2,53,75,16.11,"Monday, 17 May 2021 01:07PM"
2121025,Srednekolymsk,RU,67.45,153.6833,32.36,91,99,4.72,"Monday, 17 May 2021 01:07PM"
6355222,Yulara,AU,-25.2406,130.9889,48.2,46,5,5.75,"Monday, 17 May 2021 01:07PM"
3466704,Castro,BR,-24.7911,-50.0119,69.49,49,1,7.49,"Monday, 17 May 2021 01:07PM"
2264557,Ponta do Sol,PT,32.6667,-17.1,69.85,56,20,17.27,"Monday, 17 May 2021 01:07PM"
1862505,Hirara,JP,24.8,125.2833,79.84,89,97,13.35,"Monday, 17 May 2021 01:07PM"
3697838,Contamana,PE,-7.3333,-75.0167,81.52,83,34,2.37,"Monday, 17 May 2021 01:07PM"
4032243,Vaini,TO,-21.2,-175.2,77.0,94,40,6.91,"Monday, 17 May 2021 01:07PM"
6255012,Flinders,AU,-34.5833,150.8552,46.99,78,43,1.01,"Monday, 17 May 2021 01:07PM"
2446796,Bilma,NE,18.6853,12.9164,103.05,5,2,9.62,"Monday, 17 May 2021 01:07PM"
3689325,Bahía Solano,CO,6.2262,-77.4044,81.68,80,98,7.58,"Monday, 17 May 2021 01:03PM"
5369578,Madera,US,37.1666,-119.8343,70.03,47,0,1.99,"Monday, 17 May 2021 01:07PM"
4031637,Lavrentiya,RU,65.5833,-171.0,28.76,94,100,1.28,"Monday, 17 May 2021 01:07PM"
4845585,Westport,US,41.1415,-73.3579,70.18,37,1,8.05,"Monday, 17 May 2021 01:07PM"
6162951,Terrace Bay,CA,48.7834,-87.1,49.62,93,75,2.3,"Monday, 17 May 2021 01:07PM"
1688696,San Policarpo,PH,12.1791,125.5072,81.64,86,100,13.44,"Monday, 17 May 2021 01:07PM"
5866583,Saint Paul Harbor,US,57.79,-152.4072,46.4,76,1,2.91,"Monday, 17 May 2021 01:07PM"
6359626,Cortes,ES,41.9395,-1.4396,70.0,34,5,10.36,"Monday, 17 May 2021 01:07PM"
4513583,Hamilton,US,39.1834,-84.5333,58.35,100,90,6.91,"Monday, 17 May 2021 01:07PM"
3382160,Cayenne,GF,4.9333,-52.3333,78.35,89,75,9.22,"Monday, 17 May 2021 01:05PM"
259289,Corinth,GR,37.9407,22.9573,72.39,60,30,1.01,"Monday, 17 May 2021 01:07PM"
5859699,College,US,64.8569,-147.8028,44.49,87,75,4.36,"Monday, 17 May 2021 01:07PM"
5106841,Albany,US,42.6001,-73.9662,76.98,43,4,4.0,"Monday, 17 May 2021 01:06PM"
2158767,Mareeba,AU,-17.0,145.4333,70.38,78,90,10.36,"Monday, 17 May 2021 01:07PM"
3366880,Hermanus,ZA,-34.4187,19.2345,51.01,86,5,2.21,"Monday, 17 May 2021 01:07PM"
964420,Port Elizabeth,ZA,-33.918,25.5701,59.0,77,20,13.8,"Monday, 17 May 2021 01:07PM"
2209055,Waddān,LY,29.1614,16.139,94.15,10,20,4.18,"Monday, 17 May 2021 01:07PM"
4791259,Virginia Beach,US,36.8529,-75.978,71.29,38,75,10.36,"Monday, 17 May 2021 01:07PM"
1337605,Mahibadhoo,MV,3.7833,72.9667,84.67,74,4,13.27,"Monday, 17 May 2021 01:07PM"
1133310,Mīrābād,AF,30.4362,61.8383,87.6,9,0,6.51,"Monday, 17 May 2021 01:07PM"
4278890,Salina,US,38.8403,-97.6114,67.69,88,75,6.91,"Monday, 17 May 2021 01:07PM"
2439376,Tahoua,NE,14.8888,5.2692,109.4,11,20,6.91,"Monday, 17 May 2021 01:07PM"
2109528,Buala,SB,-8.145,159.5921,80.44,84,99,8.95,"Monday, 17 May 2021 01:07PM"
1282256,Hithadhoo,MV,-0.6,73.0833,84.79,71,25,8.23,"Monday, 17 May 2021 01:07PM"
1266744,Khetri,IN,27.9833,75.8,86.47,40,100,15.01,"Monday, 17 May 2021 01:06PM"
2033413,Yichun,CN,47.7,128.9,52.93,62,5,4.81,"Monday, 17 May 2021 01:07PM"
2451478,Ségou,ML,13.4317,-6.2157,107.31,13,60,10.29,"Monday, 17 May 2021 01:07PM"
3361934,Saldanha,ZA,-33.0117,17.9442,59.0,67,14,4.61,"Monday, 17 May 2021 01:07PM"
3372707,Ribeira Grande,PT,38.5167,-28.7,68.0,68,20,14.97,"Monday, 17 May 2021 01:07PM"
2063036,Port Lincoln,AU,-34.7333,135.8667,55.71,66,0,7.25,"Monday, 17 May 2021 01:07PM"
286621,Salalah,OM,17.0151,54.0924,86.0,84,20,4.61,"Monday, 17 May 2021 01:04PM"
2022572,Khatanga,RU,71.9667,102.5,9.07,97,100,4.32,"Monday, 17 May 2021 01:07PM"
2110227,Butaritari,KI,3.0707,172.7902,83.46,77,38,16.98,"Monday, 17 May 2021 01:07PM"
2128975,Nemuro,JP,43.3236,145.575,41.54,93,100,11.65,"Monday, 17 May 2021 01:07PM"
3401148,Cururupu,BR,-1.8283,-44.8683,85.6,62,69,6.69,"Monday, 17 May 2021 01:07PM"
2208248,Kaitangata,NZ,-46.2817,169.8464,41.0,78,45,8.99,"Monday, 17 May 2021 01:07PM"
4031574,Provideniya,RU,64.3833,-173.3,30.54,89,100,2.86,"Monday, 17 May 2021 01:07PM"
3385077,Conde,BR,-7.2597,-34.9075,86.0,66,40,13.8,"Monday, 17 May 2021 01:07PM"
4956335,Yarmouth,US,41.7057,-70.2286,67.19,46,1,6.91,"Monday, 17 May 2021 01:07PM"
6096551,Pangnirtung,CA,66.1451,-65.7125,24.8,80,75,11.5,"Monday, 17 May 2021 01:07PM"
3430863,Mar del Plata,AR,-38.0023,-57.5575,57.06,62,90,10.36,"Monday, 17 May 2021 01:07PM"
2520493,Calvià,ES,39.5657,2.5062,69.24,56,20,9.22,"Monday, 17 May 2021 01:07PM"
3443061,Chui,UY,-33.6971,-53.4616,65.21,53,0,9.44,"Monday, 17 May 2021 01:07PM"
2152659,Port Macquarie,AU,-31.4333,152.9167,47.03,81,16,3.0,"Monday, 17 May 2021 01:07PM"
2303287,Bawku,GH,11.0616,-0.2417,102.92,21,63,12.21,"Monday, 17 May 2021 01:07PM"
5880054,Barrow,US,71.2906,-156.7887,26.6,93,90,5.75,"Monday, 17 May 2021 01:04PM"
5282297,Bethel,US,41.3712,-73.414,74.05,31,1,4.61,"Monday, 17 May 2021 01:07PM"
110690,Faya,SA,18.3851,42.4509,76.06,15,0,6.29,"Monday, 17 May 2021 01:07PM"
2160517,Launceston,AU,-41.45,147.1667,33.55,93,1,8.05,"Monday, 17 May 2021 01:07PM"
2123814,Leningradskiy,RU,69.3833,178.4167,29.19,93,100,9.44,"Monday, 17 May 2021 01:07PM"
2126123,Chokurdakh,RU,70.6333,147.9167,28.63,92,94,12.35,"Monday, 17 May 2021 01:07PM"
3652764,Puerto Ayora,EC,-0.7393,-90.3518,78.39,74,75,13.8,"Monday, 17 May 2021 01:07PM"
101312,Turaif,SA,31.6725,38.6637,91.4,14,0,4.61,"Monday, 17 May 2021 01:07PM"
2028164,Deputatsky,RU,69.3,139.9,25.57,98,100,4.76,"Monday, 17 May 2021 01:07PM"
2135517,Norsup,VU,-16.0667,167.3833,79.09,83,63,9.48,"Monday, 17 May 2021 01:07PM"
2180815,Tuatapere,NZ,-46.1333,167.6833,41.0,69,93,18.99,"Monday, 17 May 2021 01:07PM"
6165406,Thompson,CA,55.7435,-97.8558,30.2,74,90,4.61,"Monday, 17 May 2021 01:07PM"
3831208,Qaanaaq,GL,77.484,-69.3632,30.38,78,92,2.1,"Monday, 17 May 2021 01:07PM"
932987,Tsabong,BW,-26.0217,22.401,64.54,32,1,5.01,"Monday, 17 May 2021 01:07PM"
3406545,Balsas,BR,-7.5325,-46.0356,91.47,39,19,6.91,"Monday, 17 May 2021 01:07PM"
2015306,Tiksi,RU,71.6872,128.8694,30.52,93,100,17.16,"Monday, 17 May 2021 01:07PM"
2126710,Beringovskiy,RU,63.05,179.3167,31.66,96,100,1.59,"Monday, 17 May 2021 01:07PM"
3110643,Sant Feliu de Guíxols,ES,41.7833,3.0333,61.68,20,62,5.86,"Monday, 17 May 2021 01:07PM"
6620339,Karratha,AU,-20.7377,116.8463,74.82,47,100,5.46,"Monday, 17 May 2021 01:07PM"
2071860,Esperance,AU,-33.8667,121.9,59.0,55,72,17.27,"Monday, 17 May 2021 01:07PM"
3662762,Porto Velho,BR,-8.7619,-63.9039,86.0,62,0,5.75,"Monday, 17 May 2021 01:03PM"
2013392,Vilyuysk,RU,63.7553,121.6247,27.09,53,100,5.88,"Monday, 17 May 2021 01:07PM"
2136825,Isangel,VU,-19.55,169.2667,75.7,85,99,11.54,"Monday, 17 May 2021 01:07PM"
3416888,Grindavik,IS,63.8424,-22.4338,44.6,53,75,11.5,"Monday, 17 May 2021 01:07PM"
4944903,Nantucket,US,41.2835,-70.0995,62.6,72,1,12.66,"Monday, 17 May 2021 01:03PM"
2014718,Tynda,RU,55.1667,124.7167,31.89,91,100,2.17,"Monday, 17 May 2021 01:07PM"
1791464,Wenling,CN,28.3669,121.36,66.0,94,100,5.7,"Monday, 17 May 2021 01:07PM"
3430545,Morón,AR,-34.6534,-58.6198,62.4,45,0,6.91,"Monday, 17 May 2021 01:07PM"
2450173,Taoudenni,ML,22.6783,-3.9836,114.66,5,63,7.0,"Monday, 17 May 2021 01:08PM"
5122534,Jamestown,US,42.097,-79.2353,65.7,37,40,8.05,"Monday, 17 May 2021 01:06PM"
2070998,Geraldton,AU,-28.7667,114.6,66.2,88,100,10.36,"Monday, 17 May 2021 01:04PM"
3445026,Vila Velha,BR,-20.3297,-40.2925,78.6,57,20,13.8,"Monday, 17 May 2021 01:08PM"
2016701,Shimanovsk,RU,52.0,127.7,44.04,91,100,7.61,"Monday, 17 May 2021 01:08PM"
1493162,Salym,RU,60.0625,71.4789,55.29,97,98,3.49,"Monday, 17 May 2021 01:08PM"
2119283,Zyryanka,RU,65.75,150.85,40.55,70,100,4.7,"Monday, 17 May 2021 01:08PM"
3374083,Bathsheba,BB,13.2167,-59.5167,86.0,58,40,20.71,"Monday, 17 May 2021 01:08PM"
5855927,Hilo,US,19.7297,-155.09,67.91,73,75,5.77,"Monday, 17 May 2021 01:06PM"
149070,Utete,TZ,-7.986,38.758,74.52,88,98,2.93,"Monday, 17 May 2021 01:08PM"
3421765,Nanortalik,GL,60.1432,-45.2371,39.16,68,59,6.13,"Monday, 17 May 2021 01:08PM"
3461425,Ilhabela,BR,-23.7781,-45.3581,75.22,67,3,6.02,"Monday, 17 May 2021 01:08PM"
2277060,Gbarnga,LR,6.9956,-9.4722,83.61,69,100,1.59,"Monday, 17 May 2021 01:08PM"
2644210,Liverpool,GB,53.4106,-2.9779,56.66,47,40,14.97,"Monday, 17 May 2021 01:08PM"
1214658,Lhokseumawe,ID,5.1801,97.1507,79.75,83,96,2.77,"Monday, 17 May 2021 01:04PM"
5367788,Lompoc,US,34.6391,-120.4579,54.88,82,67,6.91,"Monday, 17 May 2021 01:08PM"
1078553,Ampanihy,MG,-24.7,44.75,68.07,72,2,5.01,"Monday, 17 May 2021 01:08PM"
3985710,Cabo San Lucas,MX,22.8909,-109.9124,82.47,34,1,14.97,"Monday, 17 May 2021 01:06PM"
2013279,Vostok,RU,46.4856,135.8833,47.41,62,0,5.61,"Monday, 17 May 2021 01:08PM"
204283,Watsa,CD,3.0372,29.5355,68.77,84,53,3.87,"Monday, 17 May 2021 01:08PM"
5866063,Kenai,US,60.5544,-151.2583,45.25,70,1,6.91,"Monday, 17 May 2021 01:07PM"
537541,Kvarkeno,RU,52.0833,59.725,67.78,55,37,7.25,"Monday, 17 May 2021 01:08PM"
5789856,Cheney,US,47.4874,-117.5758,69.67,40,1,9.22,"Monday, 17 May 2021 01:06PM"
3372964,Lagoa,PT,39.05,-27.9833,60.46,77,98,9.73,"Monday, 17 May 2021 01:08PM"
2084442,Vanimo,PG,-2.6741,141.3028,78.87,89,99,4.27,"Monday, 17 May 2021 01:08PM"
2269594,Cascais,PT,38.6979,-9.4215,68.63,37,0,9.22,"Monday, 17 May 2021 01:08PM"
2120530,Tomari,RU,47.7658,142.0683,48.13,65,5,9.4,"Monday, 17 May 2021 01:08PM"
2630299,Hofn,IS,64.2539,-15.2082,39.2,60,90,12.66,"Monday, 17 May 2021 01:08PM"
1052944,Angoche,MZ,-16.2325,39.9086,76.6,81,1,6.64,"Monday, 17 May 2021 01:08PM"
777019,Vardø,NO,70.3705,31.1107,41.0,93,75,2.3,"Monday, 17 May 2021 01:08PM"
2128206,Shibetsu,JP,43.659,145.132,43.29,92,97,8.01,"Monday, 17 May 2021 01:08PM"
3517970,Pochutla,MX,15.7432,-96.4661,90.81,58,20,12.66,"Monday, 17 May 2021 01:08PM"
2270385,Camacha,PT,33.0833,-16.3333,69.8,64,20,13.8,"Monday, 17 May 2021 01:08PM"
2194098,Ahipara,NZ,-35.1667,173.1667,61.11,74,44,16.28,"Monday, 17 May 2021 01:08PM"
5244638,Baraboo,US,43.4711,-89.7443,71.67,46,75,8.05,"Monday, 17 May 2021 01:08PM"
3836873,San Miguel de Tucumán,AR,-26.8241,-65.2226,73.4,68,40,3.44,"Monday, 17 May 2021 01:08PM"
5847411,Kahului,US,20.8947,-156.47,67.77,78,40,10.36,"Monday, 17 May 2021 01:08PM"
6143367,Sechelt,CA,49.4664,-123.7694,58.62,88,100,5.75,"Monday, 17 May 2021 01:07PM"
1687534,Santo Tomas,PH,14.1079,121.1414,84.65,70,20,4.61,"Monday, 17 May 2021 01:08PM"
1242110,Kalmunai,LK,7.4167,81.8167,82.06,80,77,5.88,"Monday, 17 May 2021 01:08PM"
3932145,Pisco,PE,-13.7,-76.2167,64.04,94,90,9.22,"Monday, 17 May 2021 01:08PM"
3359638,Walvis Bay,NA,-22.9575,14.5053,75.2,35,0,8.05,"Monday, 17 May 2021 01:08PM"
1299154,Prome,MM,18.8167,95.2167,87.73,62,83,8.57,"Monday, 17 May 2021 01:08PM"
935215,Saint-Philippe,RE,-21.3585,55.7679,72.86,78,0,6.91,"Monday, 17 May 2021 01:08PM"
2537881,Safi,MA,32.2994,-9.2372,72.79,65,6,25.52,"Monday, 17 May 2021 01:08PM"
527012,Mikhaylovka,RU,50.06,43.2379,69.55,47,48,11.77,"Monday, 17 May 2021 01:08PM"
3571913,Marsh Harbour,BS,26.5412,-77.0636,75.78,58,60,15.28,"Monday, 17 May 2021 01:05PM"
1006984,East London,ZA,-33.0153,27.9116,57.2,82,0,5.75,"Monday, 17 May 2021 01:08PM"
3622193,Quepos,CR,9.4236,-84.1652,80.37,57,75,17.27,"Monday, 17 May 2021 01:08PM"
5711149,Altamont,US,42.2068,-121.7372,66.88,34,1,6.91,"Monday, 17 May 2021 01:05PM"
2655237,Waterfoot,GB,53.6929,-2.2525,50.86,79,92,1.99,"Monday, 17 May 2021 01:08PM"
2189343,Kaeo,NZ,-35.1,173.7833,59.63,72,36,13.65,"Monday, 17 May 2021 01:08PM"
3372472,Vila Franca do Campo,PT,37.7167,-25.4333,64.4,100,75,11.5,"Monday, 17 May 2021 01:08PM"
1337610,Thinadhoo,MV,0.5333,72.9333,85.33,69,25,9.86,"Monday, 17 May 2021 01:08PM"
4764127,Highland Springs,US,37.546,-77.3278,73.72,38,75,4.25,"Monday, 17 May 2021 01:08PM"
3461659,Horizontina,BR,-27.6258,-54.3078,75.99,52,8,6.06,"Monday, 17 May 2021 01:08PM"
2037391,Fengzhen,CN,40.4394,113.1536,56.97,37,69,4.18,"Monday, 17 May 2021 01:05PM"
2083537,Wewak,PG,-3.5534,143.6268,80.38,82,95,5.73,"Monday, 17 May 2021 01:08PM"
6167125,Tobermory,CA,45.2501,-81.6665,64.99,56,3,8.99,"Monday, 17 May 2021 01:08PM"
6113335,Prince Albert,CA,53.2001,-105.7677,69.8,40,40,11.5,"Monday, 17 May 2021 01:03PM"
3927023,Totoral,PE,-17.4053,-70.365,73.2,25,18,10.02,"Monday, 17 May 2021 01:08PM"
2145554,Ulladulla,AU,-35.35,150.4667,48.11,76,38,8.05,"Monday, 17 May 2021 01:08PM"
6185377,Yellowknife,CA,62.456,-114.3525,38.61,56,75,13.8,"Monday, 17 May 2021 01:08PM"
2514301,Mahon,ES,39.8885,4.2658,64.4,55,0,13.8,"Monday, 17 May 2021 01:08PM"
546105,Nikolskoye,RU,59.7035,30.7861,73.4,40,0,11.18,"Monday, 17 May 2021 01:08PM"
3533445,Acatlán,MX,20.15,-98.45,74.88,34,2,4.9,"Monday, 17 May 2021 01:08PM"
371745,Kutum,SD,14.2,24.6667,88.86,6,99,10.94,"Monday, 17 May 2021 01:08PM"
1687894,Santa Rosa,PH,14.3122,121.1114,84.63,70,20,4.61,"Monday, 17 May 2021 01:08PM"
3663693,Jutaí,BR,-5.1833,-68.9,83.66,70,100,2.59,"Monday, 17 May 2021 01:08PM"
3380290,Sinnamary,GF,5.3833,-52.95,81.41,82,80,12.24,"Monday, 17 May 2021 01:08PM"
2318123,Yenagoa,NG,4.9247,6.2642,78.87,87,99,3.31,"Monday, 17 May 2021 01:08PM"
2179825,Waitati,NZ,-45.75,170.5667,41.0,86,66,25.99,"Monday, 17 May 2021 01:08PM"
5962442,Goderich,CA,43.7501,-81.7165,66.2,34,22,10.36,"Monday, 17 May 2021 01:08PM"
4034188,Moerai,PF,-22.4333,-151.3333,76.53,76,49,22.06,"Monday, 17 May 2021 01:08PM"
3520994,Puerto Escondido,MX,15.85,-97.0667,87.8,74,1,6.91,"Monday, 17 May 2021 01:08PM"
1835848,Seoul,KR,37.5683,126.9778,56.59,94,75,4.61,"Monday, 17 May 2021 01:07PM"
2112309,Katsuura,JP,35.1333,140.3,70.59,88,90,17.27,"Monday, 17 May 2021 01:08PM"
2122783,Katangli,RU,51.7102,143.2326,40.59,82,5,8.37,"Monday, 17 May 2021 01:08PM"
1633419,Padang,ID,-0.9492,100.3543,77.11,93,100,0.31,"Monday, 17 May 2021 01:08PM"
1622318,Waingapu,ID,-9.6567,120.2641,75.69,85,19,8.1,"Monday, 17 May 2021 01:08PM"
2396518,Port-Gentil,GA,-0.7193,8.7815,86.0,74,40,6.91,"Monday, 17 May 2021 01:08PM"
1168312,Pasni,PK,25.2631,63.471,86.76,63,34,11.52,"Monday, 17 May 2021 01:08PM"
339666,Bishoftu,ET,8.75,38.9833,66.2,72,75,4.61,"Monday, 17 May 2021 01:08PM"
2063056,Port Augusta,AU,-32.5,137.7667,42.4,93,90,5.75,"Monday, 17 May 2021 01:08PM"
2094342,Kavieng,PG,-2.5744,150.7967,83.23,78,89,16.64,"Monday, 17 May 2021 01:08PM"
2268339,Faro,PT,37.0194,-7.9322,75.2,53,0,14.97,"Monday, 17 May 2021 01:08PM"
1280037,Shache,CN,38.4167,77.2406,70.92,17,62,5.19,"Monday, 17 May 2021 01:08PM"
4019098,Ahome,MX,25.9167,-109.1833,85.24,32,1,4.61,"Monday, 17 May 2021 01:04PM"
3899695,Ancud,CL,-41.8697,-73.8203,53.76,82,75,12.66,"Monday, 17 May 2021 01:08PM"
1529651,Altay,CN,47.8667,88.1167,59.72,47,46,3.74,"Monday, 17 May 2021 01:05PM"
4035715,Avarua,CK,-21.2078,-159.775,75.2,73,20,4.61,"Monday, 17 May 2021 01:08PM"
1522348,Komsomolets,KZ,53.7453,62.0708,76.48,33,56,4.81,"Monday, 17 May 2021 01:08PM"
365742,Torit,SS,4.4133,32.5678,79.65,64,45,3.76,"Monday, 17 May 2021 01:08PM"
3420768,Qasigiannguit,GL,68.8193,-51.1922,33.8,75,20,4.61,"Monday, 17 May 2021 01:08PM"
1282898,Pokhara,NP,28.2333,83.9833,79.59,42,99,6.53,"Monday, 17 May 2021 01:08PM"
1264976,Leh,IN,34.1667,77.5833,44.53,53,76,5.32,"Monday, 17 May 2021 01:08PM"
3372760,Praia da Vitória,PT,38.7333,-27.0667,66.54,77,75,12.03,"Monday, 17 May 2021 01:08PM"
913323,Kaoma,ZM,-14.7833,24.8,68.27,42,51,3.69,"Monday, 17 May 2021 01:08PM"
3842670,Olavarría,AR,-36.8927,-60.3225,60.01,64,55,3.0,"Monday, 17 May 2021 01:08PM"
156589,Koani,TZ,-6.1333,39.2833,82.4,74,20,5.75,"Monday, 17 May 2021 01:08PM"
1503037,Kodinsk,RU,58.6881,99.1844,31.12,49,75,3.4,"Monday, 17 May 2021 01:08PM"
3838859,Río Gallegos,AR,-51.6226,-69.2181,48.2,76,75,19.57,"Monday, 17 May 2021 01:08PM"
7281807,Seddon,AU,-37.8068,144.8916,48.88,81,90,9.22,"Monday, 17 May 2021 01:08PM"
2120400,Tungor,RU,53.3808,142.9564,34.36,88,98,8.28,"Monday, 17 May 2021 01:08PM"
3925040,Jaru,BR,-10.4389,-62.4664,85.5,60,94,5.5,"Monday, 17 May 2021 01:08PM"
935214,Saint-Pierre,RE,-21.3393,55.4781,72.7,78,0,6.91,"Monday, 17 May 2021 01:08PM"
1528998,Yumen,CN,40.2833,97.2,58.39,36,80,3.78,"Monday, 17 May 2021 01:08PM"
5105168,Sussex,US,41.1834,-74.6663,72.66,35,1,4.61,"Monday, 17 May 2021 01:04PM"
2127202,Anadyr,RU,64.75,177.4833,28.18,93,75,8.95,"Monday, 17 May 2021 01:08PM"
3981432,Todos Santos,MX,23.45,-110.2167,89.1,29,0,1.99,"Monday, 17 May 2021 01:08PM"
1235846,Matara,LK,5.9485,80.5353,80.02,87,30,6.85,"Monday, 17 May 2021 01:08PM"
3424941,Miquelon,PM,47.0975,-56.3814,46.2,71,20,6.91,"Monday, 17 May 2021 01:08PM"
3412093,Vestmannaeyjar,IS,63.4427,-20.2734,42.8,70,40,8.05,"Monday, 17 May 2021 01:08PM"
3393692,Itarema,BR,-2.9248,-39.9167,84.74,66,21,13.65,"Monday, 17 May 2021 01:08PM"
1805757,Jimo,CN,36.3897,120.4622,60.8,77,0,2.24,"Monday, 17 May 2021 01:05PM"
2171099,Codrington,AU,-38.2667,141.9667,48.74,90,63,6.58,"Monday, 17 May 2021 01:08PM"
347634,Ţahţā,EG,26.7693,31.5021,88.75,14,0,11.5,"Monday, 17 May 2021 01:08PM"
2259655,Impfondo,CG,1.6381,18.0667,73.69,96,100,5.37,"Monday, 17 May 2021 01:08PM"
5861897,Fairbanks,US,64.8378,-147.7164,44.73,87,75,6.91,"Monday, 17 May 2021 01:05PM"
1529484,Kumul,CN,42.8,93.45,65.55,37,99,13.27,"Monday, 17 May 2021 01:08PM"
5919850,Chapais,CA,49.7834,-74.8492,69.8,26,1,18.41,"Monday, 17 May 2021 01:08PM"
1637001,Biak,ID,-0.9131,122.8766,76.32,85,100,7.7,"Monday, 17 May 2021 01:08PM"
3355672,Lüderitz,NA,-26.6481,15.1594,62.2,72,11,12.06,"Monday, 17 May 2021 01:08PM"
255030,Plátanos,GR,37.6667,21.6167,68.32,77,20,11.5,"Monday, 17 May 2021 01:08PM"
5847486,Kailua,US,21.4022,-157.7394,72.41,73,20,11.5,"Monday, 17 May 2021 01:08PM"
3450188,Santa Isabel,BR,-23.3156,-46.2214,73.4,43,0,11.5,"Monday, 17 May 2021 01:03PM"
3385899,Tutóia,BR,-2.7619,-42.2744,89.6,62,40,11.5,"Monday, 17 May 2021 01:08PM"
2127060,Arman',RU,59.7,150.1667,34.05,85,100,6.49,"Monday, 17 May 2021 01:08PM"
1735106,George Town,MY,5.4112,100.3354,81.84,83,20,2.95,"Monday, 17 May 2021 01:06PM"
1488429,Uray,RU,60.1247,64.7758,63.55,70,55,10.49,"Monday, 17 May 2021 01:08PM"
3693646,Picota,PE,-6.9197,-76.3304,86.0,66,40,3.44,"Monday, 17 May 2021 01:08PM"
475196,Verkhniy Baskunchak,RU,48.2256,46.7217,75.61,22,5,10.47,"Monday, 17 May 2021 01:08PM"
2132606,Samarai,PG,-10.6167,150.6667,80.76,84,95,11.16,"Monday, 17 May 2021 01:08PM"
1632694,Pangkalanbuun,ID,-2.6833,111.6167,75.9,98,100,1.72,"Monday, 17 May 2021 01:08PM"
1505965,Igrim,RU,63.1906,64.4162,44.51,86,100,8.95,"Monday, 17 May 2021 01:08PM"
2715953,Eskilstuna,SE,59.3666,16.5077,56.16,76,0,13.8,"Monday, 17 May 2021 01:08PM"
4394302,Lake Saint Louis,US,38.7976,-90.7857,65.57,96,100,9.98,"Monday, 17 May 2021 01:08PM"
3408368,Acaraú,BR,-2.8856,-40.12,85.1,65,24,12.55,"Monday, 17 May 2021 01:08PM"
2374583,Bubaque,GW,11.2833,-15.8333,78.21,73,100,13.96,"Monday, 17 May 2021 01:08PM"
5380437,Pacific Grove,US,36.6177,-121.9166,52.11,87,77,3.0,"Monday, 17 May 2021 01:08PM"
3698359,Chicama,PE,-7.8447,-79.1469,69.8,73,0,11.5,"Monday, 17 May 2021 01:08PM"
2173323,Bundaberg,AU,-24.85,152.35,54.34,50,0,9.22,"Monday, 17 May 2021 01:08PM"
2412408,Nioro,GM,13.35,-15.75,106.12,10,100,5.17,"Monday, 17 May 2021 01:08PM"
2068655,Katherine,AU,-14.4667,132.2667,59.0,63,29,9.22,"Monday, 17 May 2021 01:08PM"
916095,Kabwe,ZM,-14.4469,28.4464,67.32,52,66,6.53,"Monday, 17 May 2021 01:08PM"
1651103,Atambua,ID,-9.1061,124.8925,69.39,84,52,5.68,"Monday, 17 May 2021 01:08PM"
2027042,Batagay-Alyta,RU,67.8006,130.4114,34.3,88,100,5.06,"Monday, 17 May 2021 01:08PM"
4004293,Ixtapa,MX,20.7,-105.2,84.2,58,1,5.75,"Monday, 17 May 2021 01:08PM"
2447513,Arlit,NE,18.7369,7.3853,108.34,6,45,12.48,"Monday, 17 May 2021 01:08PM"
3466165,Cidreira,BR,-30.1811,-50.2056,68.02,60,34,12.77,"Monday, 17 May 2021 01:08PM"
3351500,Caála,AO,-12.8525,15.5606,63.68,51,0,0.76,"Monday, 17 May 2021 01:08PM"
7872020,Scharnstein,AT,47.9044,13.9601,51.69,80,85,7.0,"Monday, 17 May 2021 01:08PM"
4726206,San Antonio,US,29.4241,-98.4936,78.87,73,90,8.05,"Monday, 17 May 2021 01:07PM"
5546220,Saint George,US,37.1041,-113.5841,75.15,25,1,5.75,"Monday, 17 May 2021 01:04PM"
1002145,George,ZA,-33.963,22.4617,53.6,87,0,3.44,"Monday, 17 May 2021 01:06PM"
2126785,Belaya Gora,RU,68.5333,146.4167,31.3,93,100,11.72,"Monday, 17 May 2021 01:08PM"
2025456,Chernyshevskiy,RU,63.0128,112.4714,23.43,83,100,8.88,"Monday, 17 May 2021 01:08PM"
3440777,Rocha,UY,-34.4833,-54.3333,62.26,60,50,11.54,"Monday, 17 May 2021 01:07PM"
4470244,Havelock,US,34.8791,-76.9013,73.31,46,40,8.05,"Monday, 17 May 2021 01:06PM"
695670,Reni,UA,45.4573,28.2932,64.18,82,20,6.91,"Monday, 17 May 2021 01:08PM"
2138555,Poum,NC,-20.2333,164.0167,76.19,77,87,11.77,"Monday, 17 May 2021 01:08PM"
1855342,Nishihara,JP,26.1842,127.7558,78.6,89,75,8.05,"Monday, 17 May 2021 01:08PM"
2032614,Baruun-Urt,MN,46.6806,113.2792,55.63,59,52,7.05,"Monday, 17 May 2021 01:08PM"
1806840,Huilong,CN,31.8111,121.655,66.65,78,100,2.86,"Monday, 17 May 2021 01:08PM"
5563839,Fortuna,US,40.5982,-124.1573,51.69,100,75,8.05,"Monday, 17 May 2021 01:08PM"
6095416,Outlook,CA,51.5001,-107.0513,77.94,19,35,17.27,"Monday, 17 May 2021 01:06PM"
3533462,Acapulco de Juárez,MX,16.8634,-99.8901,87.8,70,1,9.22,"Monday, 17 May 2021 01:08PM"
638936,Rovaniemi,FI,66.5,25.7167,57.2,94,90,9.22,"Monday, 17 May 2021 01:08PM"
1502422,Kosh-Agach,RU,50.0,88.6667,49.71,66,80,4.81,"Monday, 17 May 2021 01:08PM"
5874678,Soldotna,US,60.4878,-151.0583,45.48,66,1,5.75,"Monday, 17 May 2021 01:08PM"
365763,Tonj,SS,7.2737,28.6822,86.18,47,75,2.19,"Monday, 17 May 2021 01:08PM"
3867427,Mayor Pablo Lagerenza,PY,-19.9309,-60.7718,87.78,36,80,6.38,"Monday, 17 May 2021 01:08PM"
575521,Bogorodskoye,RU,56.55,37.8833,68.7,80,50,10.04,"Monday, 17 May 2021 01:08PM"
2304548,Anloga,GH,5.7947,0.8973,86.0,74,20,12.66,"Monday, 17 May 2021 01:08PM"
964712,Plettenberg Bay,ZA,-34.0527,23.3716,55.76,73,1,1.39,"Monday, 17 May 2021 01:08PM"
2173911,Broken Hill,AU,-31.95,141.4333,44.6,76,0,8.05,"Monday, 17 May 2021 01:08PM"
4588165,Mt. Pleasant,US,32.7941,-79.8626,77.54,50,1,9.4,"Monday, 17 May 2021 01:08PM"
3421193,Paamiut,GL,61.994,-49.6678,38.52,51,31,5.97,"Monday, 17 May 2021 01:08PM"
6167817,Torbay,CA,47.6666,-52.7314,41.63,70,40,12.66,"Monday, 17 May 2021 01:08PM"
2068110,Kununurra,AU,-15.7667,128.7333,59.0,67,0,4.61,"Monday, 17 May 2021 01:08PM"
2636465,Swadlincote,GB,52.774,-1.5574,58.05,54,75,13.8,"Monday, 17 May 2021 01:08PM"
1797551,Qinzhou,CN,21.95,108.6167,82.38,85,96,4.36,"Monday, 17 May 2021 01:08PM"
1642773,Japura,ID,-0.3167,102.35,75.31,95,100,1.72,"Monday, 17 May 2021 01:08PM"
1526038,Atbasar,KZ,51.8,68.3333,73.17,38,70,3.76,"Monday, 17 May 2021 01:08PM"
1337619,Ugoofaaru,MV,5.6667,73.0,84.51,76,9,15.86,"Monday, 17 May 2021 01:08PM"
2128025,Shizunai-furukawachō,JP,42.3339,142.3669,50.7,99,100,7.02,"Monday, 17 May 2021 01:08PM"
1519924,Kushmurun,KZ,52.4503,64.6311,76.62,34,45,7.36,"Monday, 17 May 2021 01:08PM"
3393536,Olinda,BR,-8.0089,-34.8553,82.4,61,40,16.11,"Monday, 17 May 2021 01:08PM"
4581833,Hilton Head,US,32.2163,-80.7526,76.68,47,1,5.75,"Monday, 17 May 2021 01:08PM"
1510377,Belyy Yar,RU,53.6039,91.3903,51.8,82,0,4.47,"Monday, 17 May 2021 01:08PM"
1152222,Mae Hong Son,TH,19.3003,97.9685,81.79,63,87,1.63,"Monday, 17 May 2021 01:08PM"
1277214,Bānswāra,IN,23.55,74.45,85.26,62,100,15.84,"Monday, 17 May 2021 01:06PM"
2027316,Ayan,RU,56.45,138.1667,29.07,94,80,4.68,"Monday, 17 May 2021 01:08PM"
5134295,Rome,US,43.2128,-75.4557,72.45,31,1,3.44,"Monday, 17 May 2021 01:06PM"
2685750,Östersund,SE,63.1792,14.6357,44.8,100,90,6.91,"Monday, 17 May 2021 01:08PM"
2511150,Santa Lucía,ES,27.9117,-15.5407,73.87,64,20,29.93,"Monday, 17 May 2021 01:08PM"
3576994,Cockburn Town,TC,21.4612,-71.1419,84.2,65,40,10.36,"Monday, 17 May 2021 01:08PM"
933726,Hukuntsi,BW,-24.0,21.75,67.78,27,4,7.83,"Monday, 17 May 2021 01:08PM"
2618795,Klaksvík,FO,62.2266,-6.589,46.4,76,75,13.8,"Monday, 17 May 2021 01:08PM"
2139521,Noumea,NC,-22.2763,166.4572,72.28,88,90,3.44,"Monday, 17 May 2021 01:07PM"
545630,Kondol',RU,52.8189,45.058,68.67,57,63,7.83,"Monday, 17 May 2021 01:08PM"
3465329,Coruripe,BR,-10.1256,-36.1756,80.83,65,21,9.06,"Monday, 17 May 2021 01:08PM"
3860443,Comodoro Rivadavia,AR,-45.8667,-67.5,51.8,66,0,8.05,"Monday, 17 May 2021 01:08PM"
1688420,Santa,PH,17.486,120.4348,81.14,78,87,3.62,"Monday, 17 May 2021 01:08PM"
934649,Cap Malheureux,MU,-19.9842,57.6142,77.0,71,2,5.99,"Monday, 17 May 2021 01:08PM"
3489657,Lucea,JM,18.451,-78.1736,84.94,66,20,17.27,"Monday, 17 May 2021 01:08PM"
3899539,Antofagasta,CL,-23.65,-70.4,64.4,63,20,6.91,"Monday, 17 May 2021 01:08PM"
2206894,Hokitika,NZ,-42.7167,170.9667,50.99,73,94,24.32,"Monday, 17 May 2021 01:08PM"
597596,Lazdijai,LT,54.2333,23.5167,60.94,78,98,5.66,"Monday, 17 May 2021 01:08PM"
2643044,Margate,GB,51.3813,1.3862,52.68,76,92,1.01,"Monday, 17 May 2021 01:08PM"
3939761,Hualmay,PE,-11.0964,-77.6139,70.36,70,60,9.78,"Monday, 17 May 2021 01:08PM"
1279945,Jiuquan,CN,39.7432,98.5174,60.64,33,70,6.73,"Monday, 17 May 2021 01:08PM"
3705562,Los Algarrobos,PA,8.5,-82.4333,79.0,74,40,4.61,"Monday, 17 May 2021 01:08PM"
1259385,Port Blair,IN,11.6667,92.75,84.61,74,96,4.59,"Monday, 17 May 2021 01:08PM"
1859964,Kaseda-shirakame,JP,31.4167,130.3167,66.0,100,100,4.0,"Monday, 17 May 2021 01:08PM"
1028434,Quelimane,MZ,-17.8786,36.8883,80.6,83,20,4.61,"Monday, 17 May 2021 01:08PM"
4021858,Guerrero Negro,MX,27.9769,-114.0611,64.0,66,100,18.95,"Monday, 17 May 2021 01:08PM"
1161724,Chabahar,IR,25.2919,60.643,87.71,62,14,9.17,"Monday, 17 May 2021 01:08PM"
2134814,Sola,VU,-13.8833,167.55,81.32,79,94,16.91,"Monday, 17 May 2021 01:08PM"
3429732,Puerto Rico,AR,-26.796,-55.024,78.39,40,1,4.21,"Monday, 17 May 2021 01:08PM"
1650434,Bambanglipuro,ID,-7.95,110.2833,78.98,77,100,7.05,"Monday, 17 May 2021 01:08PM"
186180,Moyale,KE,3.5167,39.0584,71.11,63,95,4.18,"Monday, 17 May 2021 01:06PM"
3395981,Maceió,BR,-9.6658,-35.7353,84.2,54,20,10.36,"Monday, 17 May 2021 01:08PM"
1502697,Kondinskoye,RU,59.6481,67.41,58.8,89,48,7.54,"Monday, 17 May 2021 01:08PM"
3404558,Cabedelo,BR,-6.9811,-34.8339,86.0,66,40,13.8,"Monday, 17 May 2021 01:08PM"
1507379,Divnogorsk,RU,55.9594,92.3619,37.4,81,0,2.24,"Monday, 17 May 2021 01:08PM"
1082243,Ambilobe,MG,-13.2,49.05,74.59,76,25,3.18,"Monday, 17 May 2021 01:08PM"
3461408,Ilhéus,BR,-14.7889,-39.0494,82.4,65,20,10.36,"Monday, 17 May 2021 01:08PM"
3421982,Maniitsoq,GL,65.4167,-52.9,37.81,65,7,5.39,"Monday, 17 May 2021 01:08PM"
1651531,Ambon City,ID,-3.6954,128.1814,77.0,94,75,4.61,"Monday, 17 May 2021 01:08PM"
3405215,Bonfim,BR,3.0833,-59.95,88.54,55,99,1.59,"Monday, 17 May 2021 01:08PM"
1513900,Iskandar,UZ,41.5539,69.7008,80.6,19,0,9.22,"Monday, 17 May 2021 01:08PM"
3035768,Avallon,FR,47.4833,3.9,54.1,89,71,14.79,"Monday, 17 May 2021 01:08PM"
2062276,Roebourne,AU,-20.7833,117.1333,74.79,48,100,5.06,"Monday, 17 May 2021 01:08PM"
2159220,Mackay,AU,-21.15,149.2,61.72,72,90,10.36,"Monday, 17 May 2021 01:08PM"
1626542,Sorong,ID,-0.8833,131.25,79.11,86,100,3.74,"Monday, 17 May 2021 01:08PM"
1272780,Dhenkānāl,IN,20.6667,85.6,86.68,94,40,8.05,"Monday, 17 May 2021 01:08PM"
2121385,Severo-Kuril'sk,RU,50.6789,156.125,38.48,98,99,3.8,"Monday, 17 May 2021 01:08PM"
2088122,Port Moresby,PG,-9.4431,147.1797,77.0,100,75,3.44,"Monday, 17 May 2021 01:05PM"
3628473,San Cristobal,VE,7.7669,-72.225,87.8,48,40,19.57,"Monday, 17 May 2021 01:08PM"
2034754,Shunyi,CN,40.125,116.6453,64.63,63,0,2.24,"Monday, 17 May 2021 01:08PM"
240210,Birao,CF,10.2849,22.7882,91.29,25,59,4.94,"Monday, 17 May 2021 01:08PM"
1496511,Novy Urengoy,RU,66.0833,76.6333,39.51,52,99,10.09,"Monday, 17 May 2021 01:08PM"
514198,Ostrogozhsk,RU,50.8664,39.0756,67.08,71,3,8.66,"Monday, 17 May 2021 01:08PM"
2100765,Angoram,PG,-4.0625,144.0661,74.73,99,96,1.97,"Monday, 17 May 2021 01:08PM"
916246,Kabompo,ZM,-13.5927,24.2008,67.78,48,19,4.23,"Monday, 17 May 2021 01:08PM"
3622716,Nicoya,CR,10.1483,-85.452,89.6,45,0,11.5,"Monday, 17 May 2021 01:04PM"
2158562,Maryborough,AU,-25.5333,152.7,55.0,73,0,3.0,"Monday, 17 May 2021 01:08PM"
5870133,Nome,US,64.5011,-165.4064,33.01,75,1,3.44,"Monday, 17 May 2021 01:08PM"
104515,Makkah al Mukarramah,SA,21.4267,39.8261,89.17,12,0,5.61,"Monday, 17 May 2021 01:08PM"
153955,Micheweni,TZ,-4.9667,39.8333,78.48,83,87,9.33,"Monday, 17 May 2021 01:08PM"
3933024,Paramonga,PE,-10.6667,-77.8333,70.32,72,46,10.36,"Monday, 17 May 2021 01:08PM"
2035836,Manzhouli,CN,49.6,117.4333,50.09,63,15,7.65,"Monday, 17 May 2021 01:08PM"
3401845,Conceição do Araguaia,BR,-8.2578,-49.2647,91.4,43,0,9.22,"Monday, 17 May 2021 01:08PM"
625144,Minsk,BY,53.9,27.5667,57.11,94,0,11.18,"Monday, 17 May 2021 01:06PM"
1649150,Bengkulu,ID,-3.8004,102.2655,77.43,87,95,3.67,"Monday, 17 May 2021 01:08PM"
1252783,Yārāda,IN,17.65,83.2667,86.0,84,20,3.44,"Monday, 17 May 2021 01:08PM"
548763,Kikerino,RU,59.4667,29.6333,73.4,40,0,11.18,"Monday, 17 May 2021 01:08PM"
3389609,Santa Inês,BR,-3.6667,-45.38,83.08,82,74,4.0,"Monday, 17 May 2021 01:08PM"
5895424,Bay Roberts,CA,47.5999,-53.2648,44.56,74,27,4.0,"Monday, 17 May 2021 01:08PM"
363619,Yei,SS,4.095,30.6779,76.42,67,61,3.89,"Monday, 17 May 2021 01:08PM"
2260401,Djambala,CG,-2.5447,14.7533,69.1,96,100,3.09,"Monday, 17 May 2021 01:08PM"
217637,Businga,CD,3.3333,20.8833,72.81,98,100,2.08,"Monday, 17 May 2021 01:08PM"
1508260,Novobirilyussy,RU,56.9514,90.6661,41.86,68,84,1.61,"Monday, 17 May 2021 01:08PM"
3402648,Carutapera,BR,-1.195,-46.02,82.63,76,53,8.61,"Monday, 17 May 2021 01:08PM"
1511382,Armizonskoye,RU,55.9461,67.6736,72.81,40,22,13.94,"Monday, 17 May 2021 01:09PM"
2654970,Brae,GB,60.3964,-1.353,50.0,81,40,6.91,"Monday, 17 May 2021 01:09PM"
527321,Mezen',RU,65.8522,44.24,56.89,57,58,3.53,"Monday, 17 May 2021 01:09PM"
2249281,Linguère,SN,15.3953,-15.1193,113.0,18,0,6.91,"Monday, 17 May 2021 01:09PM"
580993,Arkhangel’skoye,RU,55.8549,35.3287,68.13,80,13,10.02,"Monday, 17 May 2021 01:09PM"
2012956,Yerbogachën,RU,61.2767,108.0108,25.11,54,57,9.75,"Monday, 17 May 2021 01:09PM"
6145890,Shelburne,CA,44.0787,-80.2041,71.15,33,1,10.36,"Monday, 17 May 2021 01:09PM"
2355404,Solenzo,BF,12.1833,-4.0833,105.62,14,83,16.71,"Monday, 17 May 2021 01:09PM"
3456864,Monte Azul,BR,-15.155,-42.8747,87.64,27,77,4.92,"Monday, 17 May 2021 01:09PM"
780687,Berlevåg,NO,70.8578,29.0864,40.1,100,75,3.44,"Monday, 17 May 2021 01:09PM"
1628884,Sampit,ID,-2.5333,112.95,74.89,98,100,2.04,"Monday, 17 May 2021 01:09PM"
318766,Çermik,TR,38.1361,39.4493,69.8,28,40,3.44,"Monday, 17 May 2021 01:09PM"
1283285,Jumla,NP,29.2747,82.1838,57.15,69,93,3.09,"Monday, 17 May 2021 01:09PM"
3902377,La Santisima Trinidad,BO,-14.8333,-64.9,89.19,51,9,3.31,"Monday, 17 May 2021 01:09PM"
3115824,Muros,ES,42.7762,-9.0603,61.0,76,66,8.99,"Monday, 17 May 2021 01:09PM"
3580477,West Bay,KY,19.3667,-81.4167,84.58,79,20,11.5,"Monday, 17 May 2021 01:09PM"
3670218,San Andrés,CO,12.5847,-81.7006,87.8,62,20,10.36,"Monday, 17 May 2021 01:08PM"
1624041,Ternate,ID,0.8,127.4,81.43,79,100,4.38,"Monday, 17 May 2021 01:09PM"
3389822,Salinópolis,BR,-0.6136,-47.3561,80.49,84,96,10.76,"Monday, 17 May 2021 01:09PM"
3137469,Sørland,NO,67.667,12.6934,50.0,76,0,9.22,"Monday, 17 May 2021 01:09PM"
1106643,Quatre Cocos,MU,-20.2078,57.7625,77.0,78,40,6.91,"Monday, 17 May 2021 01:09PM"
1855540,Naze,JP,28.3667,129.4833,72.72,94,78,5.79,"Monday, 17 May 2021 01:09PM"
1493648,Rezh,RU,57.37,61.4043,61.93,74,77,8.72,"Monday, 17 May 2021 01:09PM"
212902,Kindu,CD,-2.95,25.95,70.57,95,93,1.57,"Monday, 17 May 2021 01:09PM"
933995,Souillac,MU,-20.5167,57.5167,77.0,78,40,6.91,"Monday, 17 May 2021 01:09PM"
2282006,San-Pédro,CI,4.7485,-6.6363,80.44,80,100,7.92,"Monday, 17 May 2021 01:09PM"
3377301,Mabaruma,GY,8.2,-59.7833,86.22,64,88,6.22,"Monday, 17 May 2021 01:09PM"
5545269,Price,US,39.5994,-110.8107,66.2,20,40,12.66,"Monday, 17 May 2021 01:09PM"
1492607,Severnoye,RU,56.3491,78.3619,60.15,85,77,12.55,"Monday, 17 May 2021 01:09PM"
2167426,Emerald,AU,-23.5333,148.1667,50.45,37,0,9.22,"Monday, 17 May 2021 01:09PM"
1715015,Dicabisagan,PH,17.0818,122.4157,81.32,83,60,4.74,"Monday, 17 May 2021 01:09PM"
3577430,Road Town,VG,18.4167,-64.6167,85.39,62,20,9.22,"Monday, 17 May 2021 01:08PM"
336454,Ginir,ET,7.1333,40.7,60.57,87,99,5.75,"Monday, 17 May 2021 01:09PM"
3445764,Unaí,BR,-16.3575,-46.9061,85.32,33,89,4.18,"Monday, 17 May 2021 01:09PM"
1852357,Shimoda,JP,34.6667,138.95,69.66,90,100,1.01,"Monday, 17 May 2021 01:09PM"
1848976,Wajima,JP,37.4,136.9,56.44,92,100,5.7,"Monday, 17 May 2021 01:09PM"
1498920,Mezhdurechensk,RU,53.6942,88.0603,54.19,89,87,3.24,"Monday, 17 May 2021 01:09PM"
2082539,Merauke,ID,-8.4667,140.3333,78.3,89,87,13.85,"Monday, 17 May 2021 01:09PM"
3347019,Mossamedes,AO,-15.1961,12.1522,76.15,63,0,10.6,"Monday, 17 May 2021 01:09PM"
3588476,Tecpan,GT,14.7623,-90.9947,72.48,57,75,9.22,"Monday, 17 May 2021 01:09PM"
3893726,Constitución,CL,-35.3333,-72.4167,64.31,39,100,3.71,"Monday, 17 May 2021 01:09PM"
3466703,Castro Alves,BR,-12.7656,-39.4283,85.66,39,49,7.99,"Monday, 17 May 2021 01:09PM"
2562619,Saint Lawrence,MT,36.0553,14.204,84.2,26,0,4.61,"Monday, 17 May 2021 01:09PM"
2021017,Kysyl-Syr,RU,63.8986,122.7617,27.64,52,98,5.26,"Monday, 17 May 2021 01:09PM"
2110560,Yamada,JP,39.4667,141.95,57.58,98,100,4.05,"Monday, 17 May 2021 01:09PM"
3839307,Rawson,AR,-43.3002,-65.1023,56.7,61,100,20.27,"Monday, 17 May 2021 01:09PM"
8079926,Labuhan,ID,-6.8844,112.2051,78.24,80,86,7.02,"Monday, 17 May 2021 01:09PM"
2319078,Wawa,NG,9.9022,4.4192,93.4,41,100,3.38,"Monday, 17 May 2021 01:09PM"
7521301,Nalvo,PH,16.8096,120.5108,76.8,73,56,4.5,"Monday, 17 May 2021 01:09PM"
3442778,Delta del Tigre,UY,-34.7633,-56.3853,61.63,67,75,5.75,"Monday, 17 May 2021 01:09PM"
5955902,Fort Nelson,CA,58.8053,-122.7002,42.8,81,75,8.05,"Monday, 17 May 2021 01:06PM"
3464724,Diamantino,BR,-14.4086,-56.4461,88.95,36,100,5.1,"Monday, 17 May 2021 01:09PM"
1511057,Bakchar,RU,57.0186,82.0711,55.71,90,79,4.9,"Monday, 17 May 2021 01:09PM"
1737486,Bintulu,MY,3.1667,113.0333,78.8,94,40,3.44,"Monday, 17 May 2021 01:09PM"
3403251,Canto do Buriti,BR,-8.11,-42.9444,95.68,28,22,8.39,"Monday, 17 May 2021 01:09PM"
1606851,Sai Buri,TH,6.7013,101.6168,79.5,84,100,2.68,"Monday, 17 May 2021 01:09PM"
2514651,Los Llanos de Aridane,ES,28.6585,-17.9182,69.4,73,20,14.97,"Monday, 17 May 2021 01:09PM"
6943820,Murdochville,CA,48.9583,-65.5006,50.0,76,97,3.44,"Monday, 17 May 2021 01:09PM"
5509851,Pahrump,US,36.2083,-115.9839,72.54,37,78,1.99,"Monday, 17 May 2021 01:09PM"
2512186,Puerto del Rosario,ES,28.5004,-13.8627,73.4,73,20,19.57,"Monday, 17 May 2021 01:09PM"
733722,Ahtopol,BG,42.1,27.95,69.8,73,40,4.61,"Monday, 17 May 2021 01:09PM"
1789703,Xiazhen,CN,34.8022,117.1117,59.09,68,66,7.11,"Monday, 17 May 2021 01:09PM"
2012532,Zhigalovo,RU,54.8097,105.1578,35.11,70,45,2.39,"Monday, 17 May 2021 01:09PM"
161616,Balkanabat,TM,39.5108,54.3671,88.14,9,0,11.83,"Monday, 17 May 2021 01:09PM"
4350461,Carroll,US,39.5501,-77.0164,68.31,41,100,4.0,"Monday, 17 May 2021 01:09PM"
1529376,Korla,CN,41.7597,86.1469,63.63,42,84,13.13,"Monday, 17 May 2021 01:09PM"
3838233,Salta,AR,-24.7859,-65.4117,67.42,56,40,2.3,"Monday, 17 May 2021 01:09PM"
2381972,Adrar,MR,20.5022,-10.0711,106.75,7,11,9.48,"Monday, 17 May 2021 01:09PM"
2487130,Sidi Ali,DZ,36.0998,0.4206,72.82,53,1,8.97,"Monday, 17 May 2021 01:09PM"
2017155,Saskylakh,RU,71.9167,114.0833,25.88,94,100,17.02,"Monday, 17 May 2021 01:09PM"
370510,Marabba,SD,12.35,32.1833,99.97,17,25,3.4,"Monday, 17 May 2021 01:09PM"
4328010,Houma,US,29.5958,-90.7195,76.53,83,90,9.22,"Monday, 17 May 2021 01:09PM"
2122090,Pevek,RU,69.7008,170.3133,27.84,84,90,12.15,"Monday, 17 May 2021 01:09PM"
3373329,Arrifes,PT,37.7667,-25.7,64.4,100,75,11.5,"Monday, 17 May 2021 01:09PM"
2033225,Zhalantun,CN,48.0,122.7167,59.29,46,77,6.04,"Monday, 17 May 2021 01:09PM"
3386213,Touros,BR,-5.1989,-35.4608,86.0,58,40,14.97,"Monday, 17 May 2021 01:09PM"
4026082,Lázaro Cárdenas,MX,17.9583,-102.2,86.7,56,5,7.58,"Monday, 17 May 2021 01:09PM"
556268,Ostrovnoy,RU,68.0531,39.5131,47.97,77,79,8.43,"Monday, 17 May 2021 01:09PM"
3984997,San Quintín,MX,30.4833,-115.95,64.24,65,10,18.1,"Monday, 17 May 2021 01:09PM"
2439155,Tanout,NE,14.9709,8.8879,103.62,5,2,13.96,"Monday, 17 May 2021 01:09PM"
3418910,Upernavik,GL,72.7868,-56.1549,32.81,86,98,18.57,"Monday, 17 May 2021 01:09PM"
986717,Kruisfontein,ZA,-34.0033,24.7314,53.01,81,0,1.01,"Monday, 17 May 2021 01:09PM"
2026708,Bichura,RU,50.5881,107.6022,44.6,83,92,1.99,"Monday, 17 May 2021 01:09PM"
3459667,José Bonifácio,BR,-21.0528,-49.6883,84.2,26,0,11.5,"Monday, 17 May 2021 01:09PM"
4279253,Shawnee,US,39.05,-95.7669,67.19,77,90,10.36,"Monday, 17 May 2021 01:04PM"
1168101,Goth Phulji,PK,26.8825,67.6807,97.63,20,3,8.21,"Monday, 17 May 2021 01:09PM"
6100832,Pembroke,CA,45.8168,-77.1162,72.36,43,20,5.75,"Monday, 17 May 2021 01:09PM"
1793346,Tangshan,CN,39.6333,118.1833,70.0,36,27,7.31,"Monday, 17 May 2021 01:05PM"
215668,Kabalo,CD,-6.05,26.9167,79.23,58,99,4.32,"Monday, 17 May 2021 01:09PM"
6111862,Port Hardy,CA,50.6996,-127.4199,48.2,93,90,6.91,"Monday, 17 May 2021 01:09PM"
1310120,Mawlaik,MM,23.6333,94.4167,83.41,47,29,1.68,"Monday, 17 May 2021 01:09PM"
933488,Machaneng,BW,-23.1862,27.4886,70.9,19,27,6.89,"Monday, 17 May 2021 01:09PM"
1513491,Yangi Marg`ilon,UZ,40.4272,71.7189,73.4,25,60,6.91,"Monday, 17 May 2021 01:09PM"
4787440,Staunton,US,38.1496,-79.0717,68.04,40,40,4.61,"Monday, 17 May 2021 01:09PM"
3401548,Crateús,BR,-5.1783,-40.6775,91.53,37,21,8.28,"Monday, 17 May 2021 01:09PM"
204953,Tshikapa,CD,-6.4167,20.8,79.21,53,48,3.13,"Monday, 17 May 2021 01:09PM"
1714733,Dingle,PH,10.9995,122.6711,78.89,87,96,6.49,"Monday, 17 May 2021 01:09PM"
1262302,Nādāpuram,IN,11.7,75.6667,77.59,90,56,4.79,"Monday, 17 May 2021 01:09PM"
538138,Kuvandyk,RU,51.4781,57.3552,64.09,67,93,4.7,"Monday, 17 May 2021 01:09PM"
1568574,Qui Nhon,VN,13.7667,109.2333,81.82,87,57,7.52,"Monday, 17 May 2021 01:09PM"
686458,Almaş,RO,46.2833,22.2333,54.9,97,100,4.41,"Monday, 17 May 2021 01:09PM"
1274747,Chandia,IN,23.65,80.7,86.99,49,66,7.96,"Monday, 17 May 2021 01:09PM"
5572400,Susanville,US,40.4163,-120.653,69.8,32,1,2.8,"Monday, 17 May 2021 01:09PM"
962367,Richards Bay,ZA,-28.783,32.0377,64.42,81,40,2.77,"Monday, 17 May 2021 01:09PM"
1062663,Mahajanga,MG,-15.7167,46.3167,78.8,73,0,5.75,"Monday, 17 May 2021 01:09PM"
2093846,Kiunga,PG,-6.1219,141.2906,73.44,99,99,1.59,"Monday, 17 May 2021 01:09PM"
3893629,Coquimbo,CL,-29.9533,-71.3436,57.2,82,90,8.05,"Monday, 17 May 2021 01:09PM"
1523662,Kachīry,KZ,53.0675,76.1036,71.87,46,74,10.4,"Monday, 17 May 2021 01:09PM"
2214432,Nālūt,LY,30.3333,10.85,97.59,7,66,7.38,"Monday, 17 May 2021 01:09PM"
1621313,Ambulu,ID,-8.345,113.6058,75.96,88,72,4.27,"Monday, 17 May 2021 01:09PM"
2016307,Solnechnyy,RU,50.7214,136.6319,52.66,61,71,3.69,"Monday, 17 May 2021 01:09PM"
5850554,Makakilo City,US,21.3469,-158.0858,71.15,73,1,6.91,"Monday, 17 May 2021 01:09PM"
3633009,Maracaibo,VE,10.6317,-71.6406,90.28,55,99,4.97,"Monday, 17 May 2021 01:09PM"
219414,Basoko,CD,1.2391,23.616,72.16,96,100,3.31,"Monday, 17 May 2021 01:09PM"
2980080,Saint-François,FR,46.4154,3.9054,55.4,76,39,8.05,"Monday, 17 May 2021 01:09PM"
1626932,Singaraja,ID,-8.112,115.0882,80.11,80,100,2.15,"Monday, 17 May 2021 01:09PM"
456827,Pāvilosta,LV,56.8879,21.1859,58.39,51,35,3.44,"Monday, 17 May 2021 01:09PM"
3389361,Santa Quitéria,BR,-4.3319,-40.1567,91.42,40,8,5.75,"Monday, 17 May 2021 01:09PM"
795243,Snezhnogorsk,RU,69.1933,33.2531,59.0,58,0,4.47,"Monday, 17 May 2021 01:09PM"
1272864,Dhārchula,IN,29.85,80.5333,71.91,43,99,2.84,"Monday, 17 May 2021 01:09PM"
3468234,Caiapônia,BR,-16.9567,-51.8103,84.36,30,100,1.23,"Monday, 17 May 2021 01:09PM"
2112802,Hasaki,JP,35.7333,140.8333,72.16,88,75,8.05,"Monday, 17 May 2021 01:09PM"
140463,Birjand,IR,32.8663,59.2211,75.2,9,0,6.91,"Monday, 17 May 2021 01:09PM"
3347762,Lubango,AO,-14.9172,13.4925,63.64,45,1,4.54,"Monday, 17 May 2021 01:09PM"
2065594,Mount Isa,AU,-20.7333,139.5,60.8,18,0,10.36,"Monday, 17 May 2021 01:09PM"
1052373,Beira,MZ,-19.8436,34.8389,77.0,78,0,8.97,"Monday, 17 May 2021 01:09PM"
3175096,Laas,IT,46.6166,10.7002,58.86,66,40,5.75,"Monday, 17 May 2021 01:09PM"
1730622,Anito,PH,12.4497,125.2886,79.9,91,99,10.27,"Monday, 17 May 2021 01:09PM"
2034400,Tongliao,CN,43.6125,122.2653,64.49,20,1,9.75,"Monday, 17 May 2021 01:09PM"
50672,Wanlaweyn,SO,2.6185,44.8938,79.5,79,60,17.47,"Monday, 17 May 2021 01:09PM"
3356832,Henties Bay,NA,-22.116,14.2845,63.82,75,37,10.0,"Monday, 17 May 2021 01:09PM"
1271264,Ghorāwal,IN,24.7667,82.7833,95.68,29,95,5.1,"Monday, 17 May 2021 01:09PM"
2422465,Conakry,GN,9.538,-13.6773,80.6,74,75,23.02,"Monday, 17 May 2021 01:09PM"
3388626,São João de Pirabas,BR,-0.7747,-47.1772,80.26,88,95,7.9,"Monday, 17 May 2021 01:09PM"
2090021,Namatanai,PG,-3.6667,152.4333,79.41,79,66,9.78,"Monday, 17 May 2021 01:09PM"
3139597,Sistranda,NO,63.7256,8.834,50.0,87,75,10.36,"Monday, 17 May 2021 01:09PM"
